<?xml version="1.0" encoding="UTF-8"?><questestinterop xmlns="http://www.imsglobal.org/xsd/ims_qtiasiv1p2" xmlns:xsi="http://www.w3.org/2001/XMLSchema-instance" xsi:schemaLocation="http://www.imsglobal.org/xsd/ims_qtiasiv1p2 http://www.imsglobal.org/xsd/ims_qtiasiv1p2p1.xsd"><assessment ident="QuestionBank_70359162340020" title="Cuestionario 01"><section ident="root_section"><item ident="15917977"><itemmetadata><qtimetadata><qtimetadatafield><fieldlabel>cc_profile</fieldlabel><fieldentry>cc.multiple_choice.v0p1</fieldentry></qtimetadatafield><qtimetadatafield><fieldlabel>cc_weighting</fieldlabel><fieldentry>5.0</fieldentry></qtimetadatafield><qtimetadatafield><fieldlabel>assessment_question_identifierref</fieldlabel><fieldentry>MultipleChoiceOneAnswer_168713280</fieldentry></qtimetadatafield></qtimetadata></itemmetadata><presentation><material><mattext>Contenedor de Servlets y p&#225;ginas JSP</mattext></material><response_lid ident="MultipleChoiceOneAnswer_168713280" rcardinality="Single" rtiming="No"><render_choice shuffle="Yes"><response_label ident="choice_1"><material><mattext>Apache Tomcat</mattext></material></response_label><response_label ident="choice_2"><material><mattext>GlassFish</mattext></material></response_label><response_label ident="choice_3"><material><mattext>WebLogic</mattext></material></response_label><response_label ident="choice_4"><material><mattext>JBoss</mattext></material></response_label></render_choice></response_lid></presentation><resprocessing><outcomes><decvar varname="SCORE" vartype="Integer" defaultval="0" minvalue="0" maxvalue="1"/></outcomes><respcondition continue="yes"><conditionvar><varequal respident="MultipleChoiceOneAnswer_168713280v1">choice_1</varequal></conditionvar></respcondition><respcondition continue="yes"><conditionvar><varequal respident="MultipleChoiceOneAnswer_168713280v2">choice_2</varequal></conditionvar></respcondition><respcondition continue="yes"><conditionvar><varequal respident="MultipleChoiceOneAnswer_168713280v3">choice_3</varequal></conditionvar></respcondition><respcondition continue="yes"><conditionvar><varequal respident="MultipleChoiceOneAnswer_168713280v4">choice_4</varequal></conditionvar></respcondition><respcondition continue="yes"><conditionvar><varequal respident="MultipleChoiceOneAnswer_168713280va">choice_1</varequal></conditionvar><setvar varname="SCORE" action="Set">1</setvar></respcondition></resprocessing></item><item ident="15918051"><itemmetadata><qtimetadata><qtimetadatafield><fieldlabel>cc_profile</fieldlabel><fieldentry>cc.multiple_choice.v0p1</fieldentry></qtimetadatafield><qtimetadatafield><fieldlabel>cc_weighting</fieldlabel><fieldentry>5.0</fieldentry></qtimetadatafield><qtimetadatafield><fieldlabel>assessment_question_identifierref</fieldlabel><fieldentry>MultipleChoiceOneAnswer_166438760</fieldentry></qtimetadatafield></qtimetadata></itemmetadata><presentation><material><mattext>&#191;El desarrollo Java Web esta basado en?</mattext></material><response_lid ident="MultipleChoiceOneAnswer_166438760" rcardinality="Single" rtiming="No"><render_choice shuffle="Yes"><response_label ident="choice_1"><material><mattext>HTML</mattext></material></response_label><response_label ident="choice_2"><material><mattext>JavaScript</mattext></material></response_label><response_label ident="choice_3"><material><mattext>Servlets</mattext></material></response_label><response_label ident="choice_4"><material><mattext>CSS</mattext></material></response_label></render_choice></response_lid></presentation><resprocessing><outcomes><decvar varname="SCORE" vartype="Integer" defaultval="0" minvalue="0" maxvalue="1"/></outcomes><respcondition continue="yes"><conditionvar><varequal respident="MultipleChoiceOneAnswer_166438760v1">choice_1</varequal></conditionvar></respcondition><respcondition continue="yes"><conditionvar><varequal respident="MultipleChoiceOneAnswer_166438760v2">choice_2</varequal></conditionvar></respcondition><respcondition continue="yes"><conditionvar><varequal respident="MultipleChoiceOneAnswer_166438760v3">choice_3</varequal></conditionvar></respcondition><respcondition continue="yes"><conditionvar><varequal respident="MultipleChoiceOneAnswer_166438760v4">choice_4</varequal></conditionvar></respcondition><respcondition continue="yes"><conditionvar><varequal respident="MultipleChoiceOneAnswer_166438760va">choice_3</varequal></conditionvar><setvar varname="SCORE" action="Set">1</setvar></respcondition></resprocessing></item><item ident="15918064"><itemmetadata><qtimetadata><qtimetadatafield><fieldlabel>cc_profile</fieldlabel><fieldentry>cc.multiple_choice.v0p1</fieldentry></qtimetadatafield><qtimetadatafield><fieldlabel>cc_weighting</fieldlabel><fieldentry>5.0</fieldentry></qtimetadatafield><qtimetadatafield><fieldlabel>assessment_question_identifierref</fieldlabel><fieldentry>MultipleChoiceOneAnswer_166438240</fieldentry></qtimetadatafield></qtimetadata></itemmetadata><presentation><material><mattext>Con respecto al patr&#243;n MVC, la alternativa correcta es:</mattext></material><response_lid ident="MultipleChoiceOneAnswer_166438240" rcardinality="Single" rtiming="No"><render_choice shuffle="Yes"><response_label ident="choice_1"><material><mattext>Permite aplicar t&#233;cnicas avanzadas de program&#225;ci&#243;n</mattext></material></response_label><response_label ident="choice_2"><material><mattext>Divide las aplicaciones web en tres capas: Model, View y Controller</mattext></material></response_label><response_label ident="choice_3"><material><mattext>Es un patr&#243;n que abstrae el acceso a fuentes de datos</mattext></material></response_label><response_label ident="choice_4"><material><mattext>Permite desarrollar la capa de acceso a datos</mattext></material></response_label></render_choice></response_lid></presentation><resprocessing><outcomes><decvar varname="SCORE" vartype="Integer" defaultval="0" minvalue="0" maxvalue="1"/></outcomes><respcondition continue="yes"><conditionvar><varequal respident="MultipleChoiceOneAnswer_166438240v1">choice_1</varequal></conditionvar></respcondition><respcondition continue="yes"><conditionvar><varequal respident="MultipleChoiceOneAnswer_166438240v2">choice_2</varequal></conditionvar></respcondition><respcondition continue="yes"><conditionvar><varequal respident="MultipleChoiceOneAnswer_166438240v3">choice_3</varequal></conditionvar></respcondition><respcondition continue="yes"><conditionvar><varequal respident="MultipleChoiceOneAnswer_166438240v4">choice_4</varequal></conditionvar></respcondition><respcondition continue="yes"><conditionvar><varequal respident="MultipleChoiceOneAnswer_166438240va">choice_2</varequal></conditionvar><setvar varname="SCORE" action="Set">1</setvar></respcondition></resprocessing></item><item ident="15918068"><itemmetadata><qtimetadata><qtimetadatafield><fieldlabel>cc_profile</fieldlabel><fieldentry>cc.multiple_choice.v0p1</fieldentry></qtimetadatafield><qtimetadatafield><fieldlabel>cc_weighting</fieldlabel><fieldentry>5.0</fieldentry></qtimetadatafield><qtimetadatafield><fieldlabel>assessment_question_identifierref</fieldlabel><fieldentry>MultipleChoiceOneAnswer_166437840</fieldentry></qtimetadatafield></qtimetadata></itemmetadata><presentation><material><mattext>&#191;Combinas c&#243;digo Java y HTML de manera sencilla en archivo de texto?</mattext></material><response_lid ident="MultipleChoiceOneAnswer_166437840" rcardinality="Single" rtiming="No"><render_choice shuffle="Yes"><response_label ident="choice_1"><material><mattext>P&#225;gina JSP</mattext></material></response_label><response_label ident="choice_2"><material><mattext>Servlets</mattext></material></response_label><response_label ident="choice_3"><material><mattext>P&#225;ginas HTNL</mattext></material></response_label></render_choice></response_lid></presentation><resprocessing><outcomes><decvar varname="SCORE" vartype="Integer" defaultval="0" minvalue="0" maxvalue="1"/></outcomes><respcondition continue="yes"><conditionvar><varequal respident="MultipleChoiceOneAnswer_166437840v1">choice_1</varequal></conditionvar></respcondition><respcondition continue="yes"><conditionvar><varequal respident="MultipleChoiceOneAnswer_166437840v2">choice_2</varequal></conditionvar></respcondition><respcondition continue="yes"><conditionvar><varequal respident="MultipleChoiceOneAnswer_166437840v3">choice_3</varequal></conditionvar></respcondition><respcondition continue="yes"><conditionvar><varequal respident="MultipleChoiceOneAnswer_166437840va">choice_1</varequal></conditionvar><setvar varname="SCORE" action="Set">1</setvar></respcondition></resprocessing></item></section></assessment></questestinterop>
